gender,enjoyment
Female,8.378205128205128
Male,8.22754491017964
Other,7.625
