gender,cost
Female,1245.5277777777778
Male,1642.7698412698412
Other,582.0833333333334
