enjoyment,cost
2,100.0
3,400.0
4,587.5
5,2000.0
6,1401.9
7,1018.84375
8,1409.9333333333334
9,1450.5245901639344
10,1625.88
