homeland,cost
asia,2782.5
north america,1587.4
south america,1193.3333333333333
europe,1120.6329787234042
australia,889.9285714285714
