company,cost
family,1503.5157894736842
friends,1469.2170542635658
partner,1143.1919191919192
alone,1179.9545454545455
