age,cost
14-16,1260.8333333333333
16-18,1509.4411764705883
18-25,1126.820987654321
>25,1591.3823529411766
