transport,cost
airplane,1556.0
car,1443.5378787878788
bus or taxi,1321.2941176470588
train,1154.0824175824175
boat,612.5
