company,enjoyment
family,102065436255.98334
friends,122986156298.65437
partner,173131682657.5606
alone,62783573209.58236
