age,enjoyment
14-16,7.923076923076923
16-18,7.757575757575758
18-25,8.062992125984252
>25,8.598684210526315
