age_range,percentage
14-16,35.41666666666667
16-18,29.82456140350877
18-25,20.883534136546185
25+,20.06472491909385
