age_range,percentage
14-16,37.5
16-18,38.59649122807017
18-25,38.95582329317269
25+,35.59870550161812
