age,percentage
14-16,7.6923076923076925
16-18,15.151515151515152
18-25,5.511811023622047
>25,1.9736842105263157
