age,seaside,mountains,countryside,lake or river,city
14-16,46.666666666666664,28.888888888888886,11.11111111111111,8.88888888888889,4.444444444444445
16-18,42.3728813559322,22.033898305084744,13.559322033898304,8.47457627118644,13.559322033898304
18-25,36.6412213740458,22.137404580152673,14.50381679389313,16.412213740458014,7.633587786259542
>25,35.13513513513514,22.822822822822822,13.213213213213212,15.915915915915916,11.411411411411411
