age,hotel or motel,family or friend's house,rent a house,tent or hut,village 
14-16,37.5,35.41666666666667,20.833333333333336,6.25,0.0
16-18,38.59649122807017,29.82456140350877,26.31578947368421,1.7543859649122806,1.7543859649122806
18-25,38.95582329317269,20.883534136546185,22.08835341365462,9.236947791164658,0.0
>25,35.59870550161812,20.06472491909385,26.537216828478964,11.974110032362459,0.0
